mid,smiles,prop
0,c3ccc2nc1ccccc1cc2c3,-3.67
1,Cc1cc(cc(N(=O)=O)c1O)N(=O)=O,-1.456
2,CN(C)C(=O)NC1CC2CC1C3CCCC23,-3.171
3,CC(C)c1ccc(C)cc1O,-2.22
4,Cc1ccc(cc1)S(=O)(=O)N,-1.74
5,NS(=O)(=O)c2cc1c(N=CNS1(=O)=O)cc2Cl ,-3.05
6,CCOC(=O)c1ccccc1S(=O)(=O)NN(C=O)c2nc(Cl)cc(OC)n2,-4.576
7,CCSCC,-1.34
8,O=C2NC(=O)C1(CCC1)C(=O)N2,-1.655
9,C1Cc2cccc3cccc1c23,-4.63
10,Cc1ccccc1,-2.21
11,CC1=CCCCC1,-3.27
12,CCOc1ccc(NC(=O)C)cc1,-2.35
13,CC12CCC(O)CC1CCC3C2CCC4(C)C3CCC4=O,-4.402
14,CC#N,0.26
15,CCOP(=S)(OCC)Oc1nc(Cl)n(n1)C(C)C,-3.658
16,O=C1NC(=O)NC(=O)C1(CC)C(C)CCC,-2.39
17,c1ccc2c(c1)ccc3c2ccc4c5ccccc5ccc43,-7.87
18,C1CCOC1,0.49
19,O2c1cc(C)ccc1N(C)C(=O)c3cc(N)cnc23 ,-3.043
20,Oc1ccc(O)cc1,-0.17
21,CCC(C)(C)O,0.15
22,Clc1ccc(c(Cl)c1Cl)c2ccc(Cl)c(Cl)c2Cl ,-8.01
23,CC(C)OC(=O)C,-0.55
24,ClC(Cl)(Cl)Cl,-2.31
25,BrCBr,-1.17
26,CCCC(O)CC,-0.8
27,CCCCCCCO,-1.81
28,CC(C)CO,0.1
29,Fc1cccc(F)c1C(=O)NC(=O)Nc2cc(Cl)c(F)c(Cl)c2F ,-7.28
30,CC(C)c1ccccc1,-3.27
31,CC(=O)OCC(=O)C3(O)C(CC4C2CCC1=CC(=O)C=CC1(C)C2(F)C(O)CC34C)OC(C)=O ,-4.13
32,CSC,-0.45
33,CC(C)COC(=O)C,-1.21
34,COP(=S)(OC)Oc1ccc(N(=O)=O)c(C)c1,-4.04
35,CC(C)NC(=O)N1CC(=O)N(C1=O)c2cc(Cl)cc(Cl)c2,-4.376
36,CC(=O)OCC(COC(=O)C)OC(=O)C,-0.6
37,CCOc1ccc(cc1)C(C)(C)COCc3cccc(Oc2ccccc2)c3,-8.6
38,C1OC1c2ccccc2 ,-1.6
39,CCCCC(C)(O)CC,-1.6
40,CCCC(=O)OC,-1.92
41,Nc1ncnc2n(ccc12)C3OC(CO)C(O)C3O ,-1.95
42,CCC(O)C(C)C,-0.7
43,O=C1NC(=O)C(=O)N1 ,-0.4
44,Clc1c(Cl)c(Cl)c(c(Cl)c1Cl)c2c(Cl)c(Cl)c(Cl)c(Cl)c2Cl ,-11.6
45,CN(C)C(=O)Nc1ccc(Cl)c(Cl)c1,-3.8
46,CCC(=O)C,0.52
47,NC(=N)NS(=O)(=O)c1ccc(N)cc1 ,-1.99
48,c1cc2ccc3ccc4ccc5cccc6c(c1)c2c3c4c56,-9.018
49,O=c1[nH]cnc2nc[nH]c12 ,-2.296
50,Cc2c(N)c(=O)n(c1ccccc1)n2C,-0.624
51,CCCCCCCCCCCCCCCCCCCC,-8.172
52,CN(C)C(=O)SCCCCOc1ccccc1,-3.927
53,N(Nc1ccccc1)c2ccccc2 ,-2.92
54,OCCOc1ccccc1,-0.7
55,Clc1ccc(Cl)c(c1)c2c(Cl)c(Cl)cc(Cl)c2Cl ,-7.42
56,CCCC(=O)C,-0.19
57,ClCC(C)C,-2.0
58,CC1(C)C2CCC1(C)C(O)C2,-2.32
59,CCOC(=O)CC(SP(=S)(OC)OC)C(=O)OCC,-3.37
60,C=CCCC=C,-2.68
61,CCCCCCCCCCCCCCO,-5.84
62,CCOP(=S)(OCC)SCSc1ccc(Cl)cc1,-5.736
63,COc1ccc(cc1)N(=O)=O,-2.41
64,CC(C)C=C,-2.73
65,CCOP(=O)(OCC)OCC,0.43
66,CNC(=O)C=C(C)OP(=O)(OC)OC,0.651
67,c1ccc2c(c1)[nH]c3ccccc32,-5.27
68,CNC(=O)Oc1ccccc1OC(C)C,-2.05
69,CN(C)c1nc(nc(n1)N(C)C)N(C)C,-3.364
70,CN(=O)=O,0.26
71,ClC4=C(Cl)C5(Cl)C3C1CC(C2OC12)C3C4(Cl)C5(Cl)Cl,-6.29
72,Brc1ccccc1Br,-3.5
73,COC(C)(C)C,-0.24
74,Cc1ccc(O)cc1,-0.73
75,CN(C)C(=O)Oc1cc(C)nn1c2ccccc2,-2.09
76,Nc1nc[nH]n1,0.522
77,ClC1C=CC2C1C3(Cl)C(=C(Cl)C2(Cl)C3(Cl)Cl)Cl,-6.317
78,CON(C)C(=O)Nc1ccc(Cl)c(Cl)c1,-3.592
79,C1CCC=CCC1,-3.18
80,CCCOC(=O)C,-0.72
81,Clc1cccc2ccccc12,-3.93
82,COC=O,0.58
83,NS(=O)(=O)c3cc2c(NC(Cc1ccccc1)NS2(=O)=O)cc3C(F)(F)F,-3.59
84,C1SC(=S)NC1(=O),-1.77
85,CCSCCSP(=S)(OC)OC,-3.091
86,CCN(CC)c1c(cc(c(N)c1N(=O)=O)C(F)(F)F)N(=O)=O,-5.47
87,Brc1ccc(I)cc1,-4.56
88,CCC(C)(C)C,-3.55
89,CCCC1C(=O)N3N(C1=O)c2cc(C)ccc2N=C3N(C)C ,-3.538
90,Nc1cc(nc(N)n1=O)N2CCCCC2 ,-1.989
91,CCCC=C(CC)C=O,-2.46
92,COP(=O)(OC)C(O)C(Cl)(Cl)Cl,-0.22
93,Clc2ccc1oc(=O)[nH]c1c2,-2.831
94,CCCCCC(C)C,-5.08
95,Cc1cccc2c1Cc3ccccc32,-5.22
96,O=C1NC(=O)NC(=O)C1(C)CC,-1.228
97,CCCCCCCCCO,-3.01
98,CCCOCCC,-1.62
99,CCN(CC)C(=O)CSc1ccc(Cl)nn1,-1.716
100,CCCCCCCI,-4.81
101,CCCCCCCl,-3.12
102,CCC#C,-1.24
103,O=C1NC(=O)NC(=O)C1(CC=C)c1ccccc1,-2.369
104,CC(=O)Nc1ccc(cc1)N(=O)=O,-2.692
105,CC(C)C1CCC(C)CC1O ,-2.53
106,c1ccc2c(c1)c3cccc4cccc2c34,-6.0
107,CNC(=O)Oc1cccc(N=CN(C)C)c1,-2.34
108,CC34CCC1C(CC=C2CC(O)CCC12C)C3CCC4=O,-4.12
109,Clc1cc(Cl)c(cc1Cl)c2cccc(Cl)c2Cl ,-7.21
110,c1(C(C)(C)C)cc(C(C)(C)C)cc(OC(=O)NC)c1,-4.24
111,Clc1ccc(Cl)c(Cl)c1,-3.59
112,CC12CCC3C(CCC4=CC(=O)CCC34C)C2CCC1C(=O)CO,-3.45
113,Clc1cc(Cl)c(Cl)c(Cl)c1Cl,-5.65
114,CCN(CC)c1ccccc1,-3.03
115,CCC(C(CC)c1ccc(O)cc1)c2ccc(O)cc2,-4.43
116,CC(=O)N,1.58
117,Cc2cnc1cncnc1n2,-0.854
118,CBr,-0.79
119,c1ccc2c(c1)ccc3c4ccccc4ccc23,-8.057
120,CCCCCCCCl,-4.0
121,Nc1ccc(Cl)cc1,-1.66
122,CCOC(=O)c1cncn1C(C)c2ccccc2,-4.735
123,Cc1cc(C)c2ccccc2c1,-4.29
124,CCCCCCCCCC(C)O,-2.94
125,Oc1ccncc1,1.02
126,O=c1[nH]cnc2[nH]ncc12 ,-2.266
127,CC(C)N(C(C)C)C(=O)SCC(=CCl)Cl,-4.286
128,COC1=CC(=O)CC(C)C13Oc2c(Cl)c(OC)cc(OC)c2C3=O,-3.246
129,Clc1cccc(Br)c1,-3.21
130,ClC(=C)Cl,-1.64
131,Clc1ccc(CN(C2CCCC2)C(=O)Nc3ccccc3)cc1,-5.915
132,CCCCC(=O)C,-0.8
133,COc1cc(CC=C)ccc1O,-1.56
134,Cc1cccc(C)c1C,-3.2
135,Clc1cccc(n1)C(Cl)(Cl)Cl,-3.76
136,CC,-1.36
137,Clc1cc(Cl)c(cc1Cl)c2cc(Cl)c(Cl)cc2Cl ,-8.56
138,Brc1ccc2ccccc2c1,-4.4
139,COP(=S)(OC)Oc1ccc(Sc2ccc(OP(=S)(OC)OC)cc2)cc1,-6.237
140,Clc1cccc(I)c1,-3.55
141,CCOC(=O)N,0.85
142,CCOC(=O)N(C)C(=O)CSP(=S)(OCC)OCC,-2.518
143,CCCCCCCCC=C,-5.51
144,CCOP(=S)(OCC)Oc2ccc1oc(=O)c(Cl)c(C)c1c2,-5.382
145,OC1C=CC2C1C3(Cl)C(=C(Cl)C2(Cl)C3(Cl)Cl)Cl ,-5.46
146,BrC(Cl)Cl,-1.54
147,CC12CCC3C(CCC4=CC(=O)CCC34C)C2CCC1O,-4.02
148,CC(C)C(=O)C(C)C,-1.3
149,O=C1NC(=O)NC(=O)C1(CC)CCC(C)C,-2.658
150,C1CCCCCCC1,-4.15
151,Cc1ccc2cc(C)ccc2c1,-4.89
152,CN1CC(O)N(C1=O)c2nnc(s2)C(C)(C)C,-1.877
153,CC(C)C(C)O,-0.18
154,O=C2NC(=O)C1(CCCCCC1)C(=O)N2 ,-3.168
155,NNc1ccccc1,0.07
156,CCCCCCCC(C)O,-2.74
157,Cc1cc2ccccc2cc1C,-4.72
158,CC1=CCC(CC1)C(C)=C,-4.26
159,O=N(=O)c1ccccc1N(=O)=O,-3.1
160,C1c2ccccc2c3cc4ccccc4cc13,-8.04
161,CC(C)(C)Cc1ccccc1,-4.15
162,COC(=O)c1ccc(O)cc1,-1.827
163,CC(C)c1ccc(C)cc1,-3.77
164,c1ccncc1,0.76
165,c1c(NC(=O)c2ccccc2(I))cccc1,-4.21
166,Cn1cnc2n(C)c(=O)n(C)c(=O)c12,-0.876
167,Nc1ccc(cc1)N(=O)=O,-2.37
168,CC(C)Cl,-1.41
169,Clc1ccc(cc1)C(c2ccc(Cl)cc2)C(Cl)(Cl)Cl,-7.15
170,CC(=O)Nc1ccc(Br)cc1,-3.083
171,Clc1cccc(c1Cl)c2c(Cl)c(Cl)cc(Cl)c2Cl ,-8.6
172,CC1(C)C(C=C(Cl)Cl)C1C(=O)OC(C#N)c2ccc(F)c(Oc3ccccc3)c2,-7.337
173,Clc1ccccc1Br,-3.19
174,c2ccc1[nH]ccc1c2,-1.52
175,CNC(=O)Oc1cccc2CC(C)(C)Oc12,-2.8
176,CCOC(=O)CC(=O)OCC,-0.82
177,C=CC#N,0.15
178,CC(C)=CCCC(O)(C)C=C,-1.99
179,c1ccsc1,-1.33
180,C=CCS(=O)SCC=C,-0.83
181,Fc1cccc(F)c1,-2.0
182,CC34CCc1c(ccc2cc(O)ccc12)C3CCC4=O,-5.24
183,OCC1OC(C(O)C1O)n2cnc3c(O)ncnc23,-1.23
184,Cc1ccccc1Cl,-3.52
185,CC(=O)Nc1cc(NS(=O)(=O)C(F)(F)F)c(C)cc1C,-3.24
186,c1(C#N)c(Cl)c(C#N)c(Cl)c(Cl)c(Cl)1,-5.64
187,COc1ncnc2nccnc12 ,-1.11
188,CC2Cc1ccccc1N2NC(=O)c3ccc(Cl)c(c3)S(N)(=O)=O ,-3.586
189,Cc1cc2c3ccccc3ccc2c4ccccc14,-6.57
190,Cc1ccc2ccccc2c1,-3.77
191,CSc1nc(NC(C)C)nc(NC(C)C)n1,-4.1
192,Cc1c2ccccc2c(C)c3ccccc13,-6.57
193,c1(O)cc(O)ccc1CCCCCC,-2.59
194,CCNC(=S)NCC,-1.46
195,CC(C)C(C)C,-3.65
196,O=C1N(COC(=O)CCCCCCC)C(=O)C(N1)(c2ccccc2)c3ccccc3,-6.523
197,Oc1c(Cl)cc(Cl)c(Cl)c1Cl,-3.1
198,Oc1ccc2ccccc2c1,-2.28
199,Clc1ccc(I)cc1,-4.03
200,c1ccc(cc1)c2ccccc2,-4.345
201,c1(C(=O)OCCCCCC(C)(C))c(C(=O)OCCCCCC(C)(C))cccc1,-6.637
202,c3ccc2c(O)c1ccccc1cc2c3 ,-4.73
203,COCC(=O)N(C(C)C(=O)OC)c1c(C)cccc1C ,-1.601
204,COC(C)(C)CCCC(C)CC=CC(C)=CC(=O)OC(C)C,-5.19
205,Cl\C=C/Cl,-1.3
206,ClCCBr,-1.32
207,CC(C)OC(=O)Nc1cccc(Cl)c1,-3.38
208,CC(Cl)CCl,-1.6
209,CN(C)c2c(C)n(C)n(c1ccccc1)c2=O ,-0.364
210,Clc1ccc(cc1)c2cc(Cl)ccc2Cl ,-6.25
211,CCc1ccc2ccccc2c1,-4.29
212,CC34CCC1C(CCC2=CC(=O)CCC12O)C3CCC4(O)C#C,-4.57
213,CCOP(=S)(OCC)SCn1c(=O)oc2cc(Cl)ccc12,-5.233
214,CC(C)=CC3C(C(=O)OCc2cccc(Oc1ccccc1)c2)C3(C)C ,-5.24
215,NC(=S)Nc1ccccc1,-1.77
216,O=C1NC(=O)NC(=O)C1(CC)C(C)C,-2.148
217,CC1=C(CCCO1)C(=O)Nc2ccccc2 ,-2.56
218,CCOP(=S)(OCC)SCSCC,-4.11
219,CCN2c1nc(Cl)ccc1N(C)C(=O)c3cccnc23 ,-4.114
220,ClCCCCl,-1.62
221,Clc1ccccc1I,-3.54
222,Clc1c(Cl)c(Cl)c(N(=O)=O)c(Cl)c1Cl,-5.82
223,c2ccc1NCCc1c2 ,-1.04
224,O=C1N(COC(=O)CCC)C(=O)C(N1)(c2ccccc2)c3ccccc3,-5.071
225,CCCCCCC(=O)OCC,-2.74
226,CC(C)C(C(=O)OC(C#N)c1cccc(Oc2ccccc2)c1)c3ccc(OC(F)F)cc3,-6.876
227,COP(=S)(OC)Oc1ccc(cc1Cl)N(=O)=O,-4.31
228,CCCCS,-2.18
229,CCOC(=O)c1ccc(N)cc1,-2.616
230,CC1(C)C2CCC1(C)C(=O)C2,-1.96
231,ON=Cc1ccc(o1)N(=O)=O ,-2.19
232,CC(=O)CCC1C(=O)N(N(C1=O)c2ccccc2)c3ccccc3,-3.27
233,CC(C)COC=O,-1.01
234,c1(Br)c(Br)cc(Br)cc1,-4.5
235,CCCCC(=O)OC,-1.34
236,O=C1NC(=O)NC(=O)C1(CC)CC=C,-1.614
237,OCC(O)C(O)CO,0.7
238,CCOc1ccccc1,-2.33
239,c2ccc1ocnc1c2,-1.16
240,CCCC(C)(COC(N)=O)COC(N)=O ,-1.807
241,O=C1NC(=O)NC(=O)C1(CC)CC,-2.4
242,CN(C=Nc1ccc(C)cc1C)C=Nc2ccc(C)cc2C,-5.47
243,Clc1cc(c(Cl)c(Cl)c1Cl)c2cc(Cl)c(Cl)c(Cl)c2Cl,-9.16
244,CC(=O)OC3(CCC4C2CCC1=CC(=O)CCC1C2CCC34C)C#C,-4.8
245,Clc1ccc(cc1)c2ccccc2Cl ,-5.28
246,CCCCCC1CCCC1,-6.08
247,C1CCCC1,-2.64
248,N#Cc1ccccc1C#N,-2.38
249,CCOc2ccc1nc(sc1c2)S(N)(=O)=O ,-3.81
250,CN(C(=O)NC(C)(C)c1ccccc1)c2ccccc2,-3.35
251,COc2cnc1ncncc1n2,-1.139
252,ClC1CC2C(C1Cl)C3(Cl)C(=C(Cl)C2(Cl)C3(Cl)Cl)Cl,-6.86
253,Cc1cccc(c1)N(=O)=O,-2.44
254,CCN(CC)c1nc(Cl)nc(NC(C)C)n1,-3.785
255,CCCCCCO,-1.24
256,CC5(C)OC4CC3C2CCC1=CC(=O)C=CC1(C)C2(F)C(O)CC3(C)C4(O5)C(=O)CO ,-4.31
257,Nc1ccc(cc1)S(=O)(=O)c2ccc(N)cc2,-3.094
258,CCC2NC(=O)c1cc(c(Cl)cc1N2)S(N)(=O)=O,-3.29
259,CCCCCCCCCCCCCCCCCCO,-8.4
260,Sc1ccccc1,-2.12
261,C1C=CCC=C1,-2.06
262,CCCCCCCC,-5.24
263,CC(C)Br,-1.59
264,CN(C)C(=O)C,1.11
265,CCC1(C(=O)NC(=O)NC1=O)C2=CCCCC2 ,-2.17
266,Cc1ccc(C)cc1,-2.77
267,Cc1ccc(C)c2ccccc12,-4.14
268,CCCCCCCCO,-2.39
269,CC34CCC1C(=CCc2cc(O)ccc12)C3CCC4=O,-5.282
270,Cn1cnc2n(C)c(=O)[nH]c(=O)c12 ,-2.523
271,CCCCl,-1.47
272,CC12CC(=O)C3C(CCC4=CC(=O)CCC34C)C2CCC1(O)C(=O)CO,-3.11
273,CCC1(C(=O)NC(=O)NC1=O)c2ccccc2 ,-2.322
274,COc1ccccc1OCC(O)COC(N)=O,-0.985
275,O=C1NCCN1c2ncc(s2)N(=O)=O,-3.22
276,CCCCC=O,-0.85
277,CC1(C)C(C=C(Cl)Cl)C1C(=O)OCc2cccc(Oc3ccccc3)c2,-6.291
278,Cc1cc(C)c(O)c(C)c1,-2.05
279,CCc1cccc2ccccc12,-4.17
280,Cc1cc(=O)n(c2ccccc2)n1C,0.715
281,NC(=O)NC1NC(=O)NC1=O ,-1.6
282,CCOC(=O)c1ccccc1C(=O)OCC,-2.35
283,CCCN(CCC)c1c(cc(cc1N(=O)=O)C(F)(F)F)N(=O)=O,-5.68
284,CCCC(=O)CCC,-1.3
285,CCCCC(C)CC,-5.16
286,CCCCOC=O,-1.37
287,CC(=O)C1(O)CCC2C3CCC4=CC(=O)CCC4(C)C3CCC21C,-3.817
288,c1ccc2c(c1)cnc3ccccc23 ,-2.78
289,CC/C=C\C,-2.54
290,Oc1cccc2ccccc12,-2.22
291,Oc1cccc2ncccc12 ,-2.54
292,Cc1ccc2cc3ccccc3cc2c1,-6.96
293,CCCC(C)C1(CC)C(=O)NC(=S)NC1=O ,-3.36
294,CCBr,-1.09
295,CC3C2CCC1(C)C=CC(=O)C(=C1C2OC3=O)C,-3.09
296,BrC(Br)Br,-1.91
297,O=C1NC(=O)C(=O)C(=O)N1 ,-1.25
298,Cc1occc1C(=O)Nc2ccccc2,-3.3
299,Cc1ccc(Br)cc1,-3.19
300,CC=CC=O,0.32
301,Cc1c(C)c2c3ccccc3ccc2c4ccccc14,-7.01
302,CC(=C)C=C,-2.03
303,CCC(C)C1(CC(Br)=C)C(=O)NC(=O)NC1=O ,-2.647
304,O=C2NC(=O)C1(CCCCCCC1)C(=O)N2,-2.982
305,CC(C)(C)c1ccccc1,-3.66
306,O=C1NC(=O)NC(=O)C1(C(C)CCC)CC=C,-2.356
307,CCCCCc1ccccc1,-4.64
308,CCCCc1c(C)nc(NCC)nc1OS(=O)(=O)N(C)C ,-4.16
309,Nc2cccc3nc1ccccc1cc23 ,-4.22
310,CCCCOC,-0.99
311,CCCCN(C)C(=O)Nc1ccc(Cl)c(Cl)c1,-4.77
312,CCC1(C(=O)NC(=O)NC1=O)C2=CCC3CCC2C3,-2.696
313,ClCC,-1.06
314,ClC(=C(Cl)C(=C(Cl)Cl)Cl)Cl,-4.92
315,CI,-1.0
316,Cc1ccc2c(ccc3ccccc32)c1,-5.84
317,Cc1ccc(N)cc1,-1.21
318,CC1CC2C3CCC4=CC(=O)C=CC4(C)C3(F)C(O)CC2(C)C1(O)C(=O)CO,-3.59
319,CCN2c1ccccc1N(C)C(=O)c3ccccc23 ,-4.749
320,CC(C)CBr,-2.43
321,c1ccc2cc3ccccc3cc2c1,-6.35
322,ClC1(C(=O)C2(Cl)C3(Cl)C14Cl)C5(Cl)C2(Cl)C3(Cl)C(Cl)(Cl)C45Cl,-5.259
323,CCCCCl,-2.03
324,CC(=O)Nc1ccc(O)cc1,-1.03
325,OC(c1ccc(Cl)cc1)(c2cncnc2)c3ccccc3Cl,-4.38
326,CCNc1nc(Cl)nc(NC(C)C)n1,-3.85
327,c1c(Cl)cccc1c2ccccc2,-4.88
328,CCNc1nc(NC(C)C)nc(SC)n1,-3.04
329,CCC#N,0.28
330,O=N(=O)OCC(CON(=O)=O)ON(=O)=O ,-2.22
331,BrC(Br)(Br)Br,-3.14
332,CC(=O)CC(c1ccc(Cl)cc1)c2c(O)c3ccccc3oc2=O,-5.839
333,Oc1c(Cl)c(Cl)c(Cl)c(Cl)c1Cl,-4.28
334,CCc1ccccc1CC,-3.28
335,O=N(=O)c1cccc2ccccc12,-3.54
336,Clc1cc(Cl)c(c(Cl)c1)c2c(Cl)cc(Cl)cc2Cl ,-8.71
337,Cc1ccccc1O,-0.62
338,Oc1ccc(cc1)N(=O)=O,-0.74
339,Clc1ccc(cc1Cl)c2ccccc2 ,-6.39
340,CCCc1ccccc1,-3.37
341,Cc1c[nH]c2ccccc12 ,-2.42
342,CCNc1nc(NC(C)(C)C)nc(OC)n1,-3.239
343,CC12CCC(CC1)C(C)(C)O2,-1.74
344,c1cC2C(=O)NC(=O)C2cc1,-2.932
345,O=C1CCCCC1,-0.6
346,C=Cc1ccccc1,-2.82
347,O=C1N(COC(=O)CC)C(=O)C(N1)(c2ccccc2)c3ccccc3,-4.907
348,Nc2nc1[nH]cnc1c(=O)[nH]2 ,-3.583
349,c2ccc1nc(ccc1c2)c4ccc3ccccc3n4 ,-5.4
350,Cc3cc2nc1c(=O)[nH]c(=O)nc1n(CC(O)C(O)C(O)CO)c2cc3C,-3.685
351,CC12CC(O)C3C(CCC4=CC(=O)C=CC34C)C2CCC1(O)C(=O)CO,-3.18
352,Cc1ccccc1N(=O)=O,-2.33
353,COc1ccccc1O ,-1.96
354,C2c1ccccc1N(CCF)C(=O)c3ccccc23 ,-4.799
355,CC(C)=CCCC(C)=CC(=O),-2.06
356,COCOC,0.48
357,CCN(=O)=O,-0.22
358,CCOCCOCC,-0.77
359,CC1CCCCC1NC(=O)Nc2ccccc2,-4.11
360,Clc1ccc(Cl)c(c1)c2cccc(Cl)c2Cl ,-6.47
361,O=C1NC(=O)NC(=O)C1(C(C)C)CC=C(C)C,-2.593
362,c1ccc2cc3c4cccc5cccc(c3cc2c1)c45,-8.49
363,Cn2c(=O)n(C)c1ncn(CC(O)CO)c1c2=O,-0.17
364,OC(CC(c1ccccc1)c3c(O)c2ccccc2oc3=O)c4ccc(cc4)c5ccc(Br)cc5 ,-4.445
365,CCCCc1c(C)nc(nc1O)N(C)C ,-2.24
366,CCC1(CCC(C)C)C(=O)NC(=O)NC1=O,-2.468
367,Oc1cc(Cl)c(Cl)cc1Cl,-2.21
368,CNC(=O)Oc1ccccc1C(C)C,-2.863
369,CCCCCCCCC(=O)OC,-3.38
370,Clc1cc(Cl)c(Cl)c(c1Cl)c2c(Cl)c(Cl)cc(Cl)c2Cl ,-9.15
371,CCC(C)n1c(=O)[nH]c(C)c(Br)c1=O ,-2.523
372,Brc1ccc(Br)cc1,-4.07
373,O2c1ccccc1N(C)C(=O)c3cccnc23 ,-3.672
374,c1cccc2c3c(C)cc4ccccc4c3ccc12,-6.59
375,Cc1cccc2c(C)cccc12,-4.679
376,OCC(O)CO,1.12
377,CCCCC(=O)OCC,-2.25
378,CCCCCCOC(=O)c1ccccc1C(=O)OCCCCCC,-6.144
379,Clc1ccc(cc1)c2ccc(Cl)cc2 ,-6.56
380,Clc1ccc(c(Cl)c1)c2c(Cl)c(Cl)c(Cl)c(Cl)c2Cl,-7.92
381,ClCC#N,-0.092
382,CCCC(C)C1(CC=C)C(=O)NC(=S)NC1=O ,-3.46
383,CCCCCC(O)CC,-1.98
384,CCCCCC(=O)C,-1.45
385,Sc2nc1ccccc1s2 ,-3.18
386,CCN(CC)C(=O)C(C)Oc1cccc2ccccc12 ,-3.57
387,Clc1cccc(c1)c2cc(Cl)ccc2Cl ,-6.01
388,CCN2c1ncccc1N(CC)C(=O)c3cccnc23 ,-2.86
389,CCSCc1ccccc1OC(=O)NC ,-2.09
390,CCOC(=O)CCN(SN(C)C(=O)Oc1cccc2CC(C)(C)Oc21)C(C)C,-4.71
391,O=C1N(COC(=O)CCCCCC)C(=O)C(N1)(c2ccccc2)c3ccccc3,-6.301
392,CCOP(=S)(OCC)Oc1nc(Cl)c(Cl)cc1Cl ,-5.67
393,CCCCCCCC=C,-5.05
394,CCCCCCCCCCO,-3.63
395,Clc1cc(Cl)cc(Cl)c1,-4.48
396,c1cncnc1,1.1
397,CCCCCCC(=O)C,-2.05
398,CCCCC#C,-2.36
399,Cc1[nH]c(=O)n(c(=O)c1Cl)C(C)(C)C,-2.484
400,CC45CCC2C(CCC3CC1SC1CC23C)C4CCC5O,-5.41
401,CNC(=O)Oc1cc(C)cc(C)c1,-2.581
402,CC1CCCO1,0.11
403,Clc1cc(Cl)c(Cl)c(Cl)c1,-4.63
404,CC1(C)C(C=C(Cl)Cl)C1C(=O)OC(C#N)c2cccc(Oc3ccccc3)c2,-8.017
405,Cc1ccc(Cl)cc1,-3.08
406,OC1CCCCC1,-0.44
407,CC(=C)C,-2.33
408,O=C1NC(=O)NC(=O)C1(C(C)C)CC=C,-1.708
409,C/C1CCC(\C)CC1,-4.47
410,OCC(O)C(O)C(O)C(O)CO ,0.06
411,CNC(=O)C(C)SCCSP(=O)(OC)(OC),1.144
412,OCC3OC(OCC2OC(OC(C#N)c1ccccc1)C(O)C(O)C2O)C(O)C(O)C3O ,-0.77
413,CC1=C(SCCO1)C(=O)Nc2ccccc2,-3.14
414,ClC=C(Cl)Cl,-1.96
415,CCOC(=O)Nc2cccc(OC(=O)Nc1ccccc1)c2 ,-4.632
416,c1ccccc1n2ncc(N)c(Br)c2(=O),-3.127
417,c1ccc2ccccc2c1,-3.6
418,CCC(C)CCO,-0.71
419,CC34CCC1C(CCc2cc(O)ccc12)C3CC(O)C4O ,-4.955
420,Oc1cc(Cl)c(Cl)c(Cl)c1Cl,-3.15
421,c1ccc(Cl)cc1C(c2ccc(Cl)cc2)(O)C(=O)OC(C)C,-4.53
422,CCC1CCCCC1,-4.25
423,O=N(=O)c1ccccc1,-1.8
424,Cc1ncc(N(=O)=O)n1CCO ,-1.26
425,CCCC(C)C,-3.74
426,CCOP(=S)(OCC)SCSC(C)(C)C,-4.755
427,c2ccc1scnc1c2 ,-1.5
428,OC1CCCCCC1,-0.88
429,C1CCC=CC1,-2.59
430,NS(=O)(=O)c2cc1c(NC(NS1(=O)=O)C(Cl)Cl)cc2Cl ,-2.68
431,O=C1CNC(=O)N1 ,-0.4
432,CC1=C(C(=O)Nc2ccccc2)S(=O)(=O)CCO1,-2.281
433,CCN2c1ncccc1N(C)C(=S)c3cccnc23 ,-4.634
434,COc1ccc(cc1)C(O)(C2CC2)c3cncnc3 ,-2.596
435,Oc1ccccc1N(=O)=O,-1.74
436,CCCCCCCCCCCCCCCO,-6.35
437,CCNc1nc(Cl)nc(n1)N(CC)CC,-4.06
438,O=c2[nH]c1CCCc1c(=O)n2C3CCCCC3,-4.594
439,CCCC(O)CCC,-1.4
440,CCO,1.1
441,CC12CC(O)C3C(CCC4=CC(=O)CCC34C)C2CCC1(O)C(=O)CO,-3.09
442,Nc1ccccc1Cl,-1.52
443,OC1CCCCCCC1,-1.29
444,CCCOC,-0.39
445,CCCCOC(=O)CCCCCCCCC(=O)OCCCC,-3.896
446,CCCCCCCCCCCCCCCCCCCCCCCCCC,-8.334
447,OCC(O)C2OC1OC(OC1C2O)C(Cl)(Cl)Cl ,-1.84
448,CC(C)CC(=O)C,-0.74
449,ClC(Cl)(Cl)C(Cl)(Cl)Cl,-3.67
450,CC/C=C/C,-2.54
451,OC4=C(C1CCC(CC1)c2ccc(Cl)cc2)C(=O)c3ccccc3C4=O,-5.931
452,CC(=O)OCC(=O)C3(O)CCC4C2CCC1=CC(=O)C=CC1(C)C2C(O)CC34C ,-4.37
453,CNC(=O)ON=C(CSC)C(C)(C)C ,-1.62
454,CCCCCC(=O)OCC,-2.35
455,Cn1ccc(=O)[nH]c1=O,-0.807
456,CCC(=O)OC,-0.14
457,CCC=O,0.58
458,c1(O)c(C)ccc(C(C)C)c1,-2.08
459,Nc1nccs1 ,-0.36
460,Nc1ncnc2nc[nH]c12 ,-2.12
461,Clc1ccc(Br)cc1,-3.63
462,O=C1NC(=O)NC(=O)C1(CC)c1ccccc1,-2.322
463,ClCC(Cl)Cl,-1.48
464,CC#C,-0.41
465,CC(C)CC(C)C,-4.26
466,CCCCC1(CC)C(=O)NC(=O)NC1=O,-1.661
467,COC(=O)c1cccnc1 ,-0.46
468,CC2Nc1cc(Cl)c(cc1C(=O)N2c3ccccc3C)S(N)(=O)=O ,-3.78
469,CCOP(=S)(OCC)Oc1cc(C)nc(n1)C(C)C,-3.64
470,Brc1cccc2ccccc12,-4.35
471,Clc1cccc(Cl)c1,-3.04
472,CCC1(CC)C(=O)NC(=O)N(C)C1=O ,-2.23
473,CCOP(=S)(OCC)Oc1ccc(cc1)N(=O)=O,-4.66
474,CCC(C)(O)CC,-0.36
475,Clc1ccc(cc1)c2cccc(Cl)c2Cl ,-6.29
476,CN(C)c1ccccc1,-1.92
477,O=c2[nH]c(=O)c1[nH]c(=O)[nH]c1[nH]2 ,-3.93
478,CC1(C)CON(Cc2ccccc2Cl)C1=O,-2.338
479,O=N(=O)c1ccc(cc1)N(=O)=O,-3.39
480,O=C2NC(=O)C1(CC1)C(=O)N2 ,-1.886
481,Oc1ccccn1,1.02
482,Oc1c(Cl)c(Cl)cc(Cl)c1Cl,-3.37
483,CCC(C)CO,-0.47
484,CCCCC(CC)C=O,-2.13
485,COc2c1occc1cc3ccc(=O)oc23 ,-3.664
486,CC34CC(O)C1(F)C(CCC2=CC(=O)C=CC12C)C3CC(O)C4(O)C(=O)CO,-3.68
487,OCCCC=C,-0.15
488,CCOC(=O)C,-0.04
489,Nc1cccc(Cl)c1,-1.37
490,O=C1CCCN1,1.07
491,CC(=O)C3(C)CCC4C2C=C(C)C1=CC(=O)CCC1(C)C2CCC34C,-5.27
492,Clc1ccc(Cl)c(Cl)c1Cl,-4.57
493,Oc1ccc(c(O)c1)c3oc2cc(O)cc(O)c2c(=O)c3O ,-3.083
494,CCc1ccccn1,0.51
495,CCCCCCl,-2.73
496,CC(=O)Nc1ccc(Cl)cc1,-2.843
497,CCCCCO,-0.6
498,Cc1ccc(O)c(C)c1,-1.19
499,CCCCCCCCCCCCO,-4.8
500,Clc1ccccc1Cl,-3.05
501,CCCO,0.62
502,O=C1N(COC(=O)CCCC)C(=O)C(N1)(c2ccccc2)c3ccccc3,-4.678
503,OCC(NC(=O)C(Cl)Cl)C(O)c1ccc(cc1)N(=O)=O,-2.111
504,CCC1(C(C)C)C(=O)NC(=O)NC1=O ,-2.21
505,CCN2c1ccccc1N(C)C(=O)c3cccnc23 ,-3.324
506,CN(C)C(=O)NC1CCCCCCC1,-2.218
507,C1(=O)NC(=O)NC(=O)C1(O)C2(O)C(=O)NC(=O)NC2(=O),-1.99
508,COc2c1occc1c(OC)c3c(=O)cc(C)oc23 ,-3.021
509,CC12CCC3C(CCc4cc(O)ccc34)C2CCC1=O,-3.955
510,OC(c1ccc(Cl)cc1)(c2ccc(Cl)cc2)C(Cl)(Cl)Cl,-5.666
511,Cc1ccccc1n3c(C)nc2ccccc2c3=O,-2.925
512,CN(C)C(=O)N(C)C ,0.94
513,CCCBr,-1.73
514,OCC(O)COC(=O)c1ccccc1Nc2ccnc3cc(Cl)ccc23,-4.571
515,OC3N=C(c1ccccc1)c2cc(Cl)ccc2NC3=O ,-3.952
516,CCCC(=O)OCC,-1.36
517,Fc1ccccc1Br,-2.7
518,CCCN(CCC)c1c(cc(cc1N(=O)=O)S(N)(=O)=O)N(=O)=O,-5.16
519,CCCCO,0.0
520,CCCC=C,-2.68
521,c1ccc(cc1)c2ccc(cc2)c3ccccc3,-7.11
522,c1cc2ccc3cccc4ccc(c1)c2c34,-6.176
523,Cc3nnc4CN=C(c1ccccc1Cl)c2cc(Cl)ccc2n34,-4.09
524,Fc1ccc(F)cc1,-1.97
525,CSc1nc(nc(n1)N(C)C)N(C)C,-2.676
526,CCC(O)(CC)CC,-0.85
527,CCN(CC(C)=C)c1c(cc(cc1N(=O)=O)C(F)(F)F)N(=O)=O,-6.124
528,NS(=O)(=O)c2cc1c(NCNS1(=O)=O)cc2Cl ,-2.63
529,OCC1OC(O)C(O)C(O)C1O,0.74
530,CN(C)C(=O)C(c1ccccc1)c2ccccc2 ,-2.98
531,CCN(CC)c1nc(Cl)nc(n1)N(CC)CC,-4.411
532,CC12CC(O)C3C(CCC4=CC(=O)CCC34C)C2CCC1C(=O)CO,-3.24
533,CCCCOCCO,-0.42
534,Oc1cccc(Cl)c1Cl,-1.3
535,C,-0.9
536,N(c1ccccc1)c2ccccc2,-3.504
537,Nc3ccc2cc1ccccc1cc2c3 ,-5.17
538,ClC(Cl)C(Cl)(Cl)Cl,-2.6
539,CCCN(=O)=O,-0.8
540,ClC(Cl)(Cl)C#N,-2.168
541,COc1ccc(Cl)cc1,-2.78
542,CCCC(C)(C)O,-0.49
543,CN(C)C(=O)OC1=CC(=O)CC(C)(C)C1 ,-0.85
544,CCCCC1C(=O)N(N(C1=O)c2ccccc2)c3ccccc3 ,-3.81
545,CCC(CC)CO,-1.17
546,CCc1ccc(CC)cc1,-3.75
547,Clc1ccccc1c2ccccc2,-4.54
548,Oc1ccc(Cl)cc1Cc2cc(Cl)ccc2O,-3.953
549,CC(=O)N(S(=O)c1ccc(N)cc1)c2onc(C)c2C ,-3.59
550,Cc1cccc2c1ccc3ccccc32,-5.85
551,C1N(C(=O)NCC(C)C)C(=O)NC1,-2.15
552,Cc2cccc3sc1nncn1c23 ,-2.07
553,Cc1ccc(C)c(C)c1,-3.31
554,CC34CCC1C(CCC2CC(O)CCC12C)C3CCC4=O,-4.16
555,CC(=O)Nc1ccccc1,-1.33
556,FC(F)(Cl)C(F)(F)Cl,-2.74
557,c1ccc2c(c1)ccc3ccccc32,-5.26
558,CNC(=O)Oc1cccc2ccccc12,-3.224
559,CCCCCCCCOC(=O)c1ccccc1C(=O)OCCCCCCCC ,-5.115
560,CC34CC(O)C1(F)C(CCC2=CC(=O)CCC12C)C3CCC4(O)C(=O)CO ,-3.43
561,Nc1ccccc1,-0.41
562,Cc1ccccc1Br,-2.23
563,ClC=C,-1.75
564,ClC(Cl)=C(c1ccc(Cl)cc1)c2ccc(Cl)cc2,-6.9
565,CCCC(C)(C)C,-4.36
566,Cc1ccc(O)cc1C,-1.38
567,CC(C)Oc1cc(c(Cl)cc1Cl)n2nc(oc2=O)C(C)(C)C,-5.696
568,COC(=O)c1ccccc1,-1.85
569,CC=C,-1.08
570,O=C2NC(=O)C1(CCCC1)C(=O)N2,-2.349
571,O=C1N(COC(=O)CCCCC)C(=O)C(N1)(c2ccccc2)c3ccccc3,-5.886
572,Oc1cccc(O)c1,0.81
573,Cn1c(=O)n(C)c2nc[nH]c2c1=O,-1.39
574,CC(C)OP(=S)(OC(C)C)SCCNS(=O)(=O)c1ccccc1,-4.2
575,CC(=O)CC(c1ccccc1)c3c(O)c2ccccc2oc3=O ,-3.893
576,Cc1c(F)c(F)c(COC(=O)C2C(C=C(Cl)C(F)(F)F)C2(C)C)c(F)c1F,-7.321
577,ClCc1ccccc1,-2.39
578,CCCCCCc1ccccc1,-5.21
579,COC(=O)c1ccccc1OC2OC(COC3OCC(O)C(O)C3O)C(O)C(O)C2O,-0.742
580,NC(=S)N,0.32
581,Nc1ccccc1O,-0.72
582,COc1ccccc1O,-1.96
583,CC2(C)C1CCC(C)(C1)C2=O,-1.85
584,COP(=S)(OC)Oc1cc(Cl)c(Cl)cc1Cl,-5.72
585,CC(=O)OCC(=O)C1(O)CCC2C3CCC4=CC(=O)CCC4(C)C3C(O)CC21C,-4.88
586,Brc1ccccc1,-2.55
587,Clc1cc(Cl)c(Cl)cc1Cl,-5.56
588,FC(F)(F)c1cccc(c1)N2CC(CCl)C(Cl)C2=O,-4.047
589,Oc1ccc(cc1)C2(OC(=O)c3ccccc23)c4ccc(O)cc4 ,-2.9
590,CCOP(=S)(CC)Oc1cc(Cl)c(Cl)cc1Cl,-5.752
591,c1ccc2c3c(ccc2c1)c4cccc5cccc3c45,-8.0
592,C1Cc2ccccc2C1,-3.04
593,CCCC1COC(Cn2cncn2)(O1)c3ccc(Cl)cc3Cl,-3.493
594,CCCCNC(=O)n1c(NC(=O)OC)nc2ccccc12,-4.883
595,c1ccc2ncccc2c1,-1.3
596,Oc1cccc2cccnc12 ,-2.42
597,COc1ccc(C=CC)cc1,-3.13
598,CCCCCOC(=O)C,-1.89
599,c1ccccc1C(O)C(O)c2ccccc2,-1.93
600,CC(C)C,-2.55
601,CCCCN(CC)c1c(cc(cc1N(=O)=O)C(F)(F)F)N(=O)=O,-5.53
602,CCCCCCCCBr,-5.06
603,O=N(=O)c1cc(cc(c1)N(=O)=O)N(=O)=O,-2.89
604,Fc1ccccc1,-1.8
605,O=c1cc[nH]c(=O)[nH]1 ,-1.488
606,CC1CCCC1,-3.3
607,Clc1cccc(c1Cl)c2cccc(Cl)c2Cl,-7.28
608,OC1C(O)C(O)C(O)C(O)C1O,0.35
609,CCc1cccc(C)c1N(C(C)COC)C(=O)CCl ,-2.73
610,Oc1c(Cl)cccc1Cl,-1.79
611,COc1cc(cc(OC)c1O)C6C2C(COC2=O)C(OC4OC3COC(C)OC3C(O)C4O)c7cc5OCOc5cc67,-3.571
612,Cc1cc(C)cc(C)c1,-3.4
613,Clc1ccccc1,-2.38
614,CCNc1nc(NC(C)(C)C)nc(SC)n1,-4.0
615,Cc1cccc2ccccc12,-3.7
616,CCC=C,-1.94
617,CCCCCCCCC(=O)C,-3.3
618,ClC(Cl)C(Cl)(Cl)SN2C(=O)C1CC=CCC1C2=O ,-5.4
619,CCCOP(=S)(OCCC)SCC(=O)N1CCCCC1C,-4.15
620,CCCCCC(C)O,-1.55
621,CCCOC(=O)CCC,-1.75
622,CC1CC2C3CCC(O)(C(=O)C)C3(C)CC(O)C2(F)C4(C)C=CC(=O)C=C14,-4.099
623,CCCC(=C)C,-3.03
624,CN(C)C(=O)Nc1ccc(c(Cl)c1)n2nc(oc2=O)C(C)(C)C,-4.328
625,CCC(=O)Nc1ccc(Cl)c(Cl)c1,-3.0
626,Cc1c2ccccc2cc3ccccc13,-5.89
627,OCC1OC(OC2C(O)C(O)C(O)OC2CO)C(O)C(O)C1O,-0.244
628,CCN2c1cc(OC)cc(C)c1NC(=O)c3cccnc23 ,-5.153
629,C1CCCCCC1,-3.51
630,CCC(=C(CC)c1ccc(O)cc1)c2ccc(O)cc2 ,-4.07
631,CCCCCCCCCC(=O)OCC,-4.1
632,CC34CCC1C(CCC2=CC(=O)CCC12C)C3CCC4=O,-3.69
633,CO,1.57
634,CC(C)(C)CO,-0.4
635,CC(C)C(O)C(C)C,-1.22
636,ClCBr,-0.89
637,Oc1cc(Cl)ccc1Oc2ccc(Cl)cc2Cl,-4.46
638,Cc1ccccc1N,-2.21
639,CON(C)C(=O)Nc1ccc(Br)c(Cl)c1,-3.924
640,CCCCCC=O,-1.3
641,COC(=O)c1cc(O)c(O)c(O)c1 ,-1.24
642,O=C(c1ccccc1)c2ccccc2,-3.12
643,CCCCCCCC(=O)OC,-3.17
644,CCCCC(=O)OC3(C(C)CC4C2CCC1=CC(=O)C=CC1(C)C2(F)C(O)CC34C)C(=O)CO,-4.71
645,COc2cc1c(N)nc(nc1c(OC)c2OC)N3CCN(CC3)C(=O)OCC(C)(C)O ,-3.638
646,Cn2c(=O)on(c1ccc(Cl)c(Cl)c1)c2=O,-2.82
647,CCCC,-2.57
648,Clc1ccc(cc1)N(=O)=O,-2.92
649,CCNc1nc(Cl)nc(NC(C)(C)C#N)n1,-3.15
650,Oc1ccc(C=O)cc1,-0.96
651,CCCCC(C)O,-0.89
652,COC(=O)C1=C(C)NC(=C(C1c2ccccc2N(=O)=O)C(=O)OC)C ,-4.76
653,CC(C)I,-2.09
654,C1=Cc2cccc3cccc1c23,-3.96
655,OCc1ccccc1,-0.4
656,CCN(CC)C(=S)SSC(=S)N(CC)CC,-4.86
657,NS(=O)(=O)c1cc(ccc1Cl)C2(O)NC(=O)c3ccccc23,-3.451
658,Brc1cccc(Br)c1,-3.54
659,CN(C)C=Nc1ccc(Cl)cc1C,-2.86
660,O=C1NC(=O)NC(=O)C1(CC)CC=C(C)C,-2.253
661,BrCCBr,-1.68
662,COP(=S)(OC)Oc1ccc(SC)c(C)c1,-4.57
663,CCCC(C)O,-0.29
664,O=C1NC(=O)NC(=O)C1(C)C,-1.742
665,CC(=O)OCC(=O)C3(O)CCC4C2CCC1=CC(=O)CCC1(C)C2C(=O)CC34C ,-4.21
666,CC(C)(C)c1ccc(O)cc1,-2.41
667,CN2C(=C(O)c1ccccc1S2(=O)=O)C(=O)Nc3ccccn3 ,-4.16
668,CC(C)C(C)(C)C,-4.36
669,ICI,-2.34
670,ClC(Cl)C(c1ccc(Cl)cc1)c2ccc(Cl)cc2 ,-7.2
671,ClCC#CCOC(=O)Nc1cccc(Cl)c1,-4.37
672,CCOCC,-0.09
673,COP(=S)(OC)SCC(=O)N(C(C)C)c1ccc(Cl)cc1,-4.432
674,CCCCN(CC)C(=O)SCCC,-3.53
675,CC13CCC(=O)C=C1CCC4C2CCC(C(=O)CO)C2(CC(O)C34)C=O ,-3.85
676,Cc1cc(C)cc(O)c1,-1.4
677,ClC(Br)Br,-1.9
678,CNc1ccccc1,-1.28
679,CCCCCCC,-4.53
680,CC(C)SC(C)C,-2.24
681,CC34CCC1C(CCc2cc(O)ccc12)C3CCC4(O)C#C ,-4.3
682,CCN(CC)C(=S)SCC(Cl)=C,-3.39
683,O=C2NC(=O)C1(CCCCC1)C(=O)N2,-3.06
684,NC(=O)c1cccnc1 ,0.61
685,Cc1cc(C)c(C)cc1C,-4.59
686,O=C1NC(=O)NC(=O)C1(C(C)C)C(C)C,-2.766
687,O=Cc2ccc1OCOc1c2 ,-1.63
688,CCCC/C=C/C,-3.82
689,Clc1ccc(Cl)c(c1)c2ccc(Cl)c(Cl)c2,-7.25
690,Oc1ccc(cc1)c2ccccc2,-3.48
691,O=Cc1ccccc1,-1.19
692,CCC#CCC,-1.99
693,CC=C(C)C,-2.56
694,C1CCC2CCCCC2C1,-5.19
695,Fc1cccc(Br)c1,-2.67
696,CCCCCC(C)(C)O,-1.72
697,CCOC2Oc1ccc(OS(C)(=O)=O)cc1C2(C)C,-3.42
698,CC(=O)OCC(=O)C3CCC4C2CCC1=CC(=O)CCC1(C)C2CCC34C ,-4.63
699,CCCI,-2.29
700,CCCCOC(=O)c1ccc(N)cc1,-3.082
701,CCOP(=S)(OCC)Oc1ccc(cc1)S(C)=O ,-2.3
702,C(Cc1ccccc1)c2ccccc2,-4.62
703,COc1ccc(cc1)C(c2ccc(OC)cc2)C(Cl)(Cl)Cl,-6.89
704,CN(C)C(=O)Nc1ccc(C)c(Cl)c1,-3.483
705,Oc1cccc(c1)N(=O)=O,-1.01
706,Cc1cc(ccc1NS(=O)(=O)C(F)(F)F)S(=O)(=O)c2ccccc2,-3.8
707,ClC(Cl)C(c1ccc(Cl)cc1)c2ccccc2Cl ,-6.51
708,CCNc1nc(Cl)nc(NCC)n1 ,-4.55
709,CC34CC(=O)C1C(CCC2=CC(=O)CCC12C)C3CCC4(=O) ,-3.48
710,COc1ccccc1N(=O)=O,-1.96
711,CC=C(C(=CC)c1ccc(O)cc1)c2ccc(O)cc2,-4.95
712,COP(=S)(OC)Oc1cc(Cl)c(I)cc1Cl,-6.62
713,CCOP(=S)(OCC)N2C(=O)c1ccccc1C2=O,-3.35
714,COP(=O)(NC(C)=O)SC ,0.54
715,Nc2cnn(c1ccccc1)c(=O)c2Cl,-2.878
716,ClCCl,-0.63
717,Cc1cccnc1C,0.38
718,CC(=O)C(C)(C)C,-0.72
719,CNC(=O)Oc1ccccc1C2OCCO2,-1.57
720,Cc1ccc(cc1N(=O)=O)N(=O)=O,-2.82
721,CCC1(CCC(=O)NC1=O)c2ccccc2 ,-2.337
722,CCN2c1ccccc1N(C)C(=S)c3cccnc23 ,-4.706
723,Clc1cccc(Cl)c1c2c(Cl)cccc2Cl ,-7.39
724,OCC2OC(Oc1ccccc1CO)C(O)C(O)C2O,-0.85
725,CCCCOc1ccc(C(=O)OCC)c(c1)N(CC)CC ,-3.84
726,c1cc2ccc3ccc4ccc5ccc6ccc1c7c2c3c4c5c67,-9.332
727,CN(C)C(=O)Nc1ccccc1,-1.6
728,ClC(Cl)Cl,-1.17
729,C1CC=CC1,-2.1
730,CCN2c1ncccc1N(C)C(=O)c3cccnc23 ,-2.62
731,OC(C(=O)c1ccccc1)c2ccccc2,-2.85
732,NC(=O)NCc1ccccc1 ,-0.95
733,CSSC,-1.44
734,Oc1ccccc1O,0.62
735,Clc1ccccc1c2ccccc2Cl ,-5.27
736,CC1(C)C(C(=O)OC(C#N)c2cccc(Oc3ccccc3)c2)C1(C)C,-6.025
737,c1c(O)C2C(=O)C3cc(O)ccC3OC2cc1(OC),-2.943
738,CC1(O)CCC2C3CCC4=CC(=O)CCC4(C)C3CCC21C,-3.999
739,CC(C)c1ccc(NC(=O)N(C)C)cc1,-3.536
740,CC1=CC(=O)CC(C)(C)C1 ,-1.06
741,CC(=O)OC3(C)CCC4C2CCC1=CC(=O)CCC1(C)C2CCC34C ,-5.284
742,CCC(C)C1(CC=C)C(=O)NC(=O)NC1=O,-2.016
743,CCCCCCCCCC(=O)OC,-4.69
744,CCI,-1.6
745,Fc1c[nH]c(=O)[nH]c1=O ,-1.077
746,C#C,0.29
747,Clc1ccc(Cl)c(c1)c2c(Cl)c(Cl)c(Cl)c(Cl)c2Cl,-8.94
748,c1ccccc1,-1.64
749,CC(C)CC(C)(C)C,-4.74
750,CCCCCCBr,-3.81
751,c1(OC)ccc(CC=C)cc1,-2.92
752,Cc1cccc(C)c1,-2.82
753,CC1OC(CC(O)C1O)OC2C(O)CC(OC2C)OC8C(O)CC(OC7CCC3(C)C(CCC4C3CCC5(C)C(CCC45O)C6=CC(=O)OC6)C7)OC8C ,-5.293
754,Nc1ccc(cc1)c2ccc(N)cc2,-2.7
755,Oc2ncc1nccnc1n2,-1.947
756,CCC(CC)C=O,-1.52
757,CCC(C)C,-3.18
758,CC(=O)C1CCC2C3CCC4=CC(=O)CCC4(C)C3CCC12C,-4.42
759,C1CCCCC1,-3.1
760,O=C1CCC(=O)N1,0.3
761,COc1ccc(NC(=O)N(C)C)cc1Cl,-2.564
762,CCCOC=O,-0.49
763,CC(Cl)Cl,-1.29
764,Clc1ccc(Cl)c(c1)c2cc(Cl)c(Cl)c(Cl)c2Cl,-7.68
765,COc1ccccc1,-1.85
766,CCCCCCC=C,-4.44
767,NC(=O)c1cnccn1,-0.667
768,CCCCOCCCC,-1.85
769,FC(F)(Cl)C(F)(Cl)Cl,-3.04
770,CC(=O)OC3(CCC4C2C=C(C)C1=CC(=O)CCC1(C)C2CCC34C)C(C)=O ,-5.35
771,CCC(C)C(=O)C,-0.67
772,c1c(OC)c(OC)C2C(=O)OCC2c1,-1.899
773,Cc1cccc(N)c1,-0.85
774,CCCCCCC#C,-3.66
775,CCC(C)c1cc(cc(N(=O)=O)c1O)N(=O)=O ,-3.38
776,CCCC(=O)CC,-0.83
777,OC(Cn1cncn1)(Cn2cncn2)c3ccc(F)cc3F ,-1.8
778,Cc1ccc(cc1)N(=O)=O,-2.49
779,Oc1ccc(Cl)cc1,-0.7
780,Clc1ccc(c(Cl)c1)c2cc(Cl)c(Cl)c(Cl)c2Cl ,-7.39
781,Brc1cc(Br)c(Br)cc1Br,-6.98
782,CCSC(=O)N(CC(C)C)CC(C)C,-3.68
783,CN(C)C(=O)Nc1ccc(Cl)cc1,-2.89
784,Fc1cccc(F)c1C(=O)NC(=O)Nc2ccc(Cl)cc2,-6.02
785,CC(C)C(=O)C,-0.12
786,Cc1ccccc1C,-2.8
787,ClCC(Cl)(Cl)Cl,-2.18
788,c1ccc2cnccc2c1,-1.45
789,c1ccc2c(c1)c3cccc4ccc5cccc2c5c43,-7.8
790,CC(O)c1ccccc1,-0.92
791,CCCCc1c(C)nc(NCC)[nH]c1=O,-3.028
792,c2ccc1[nH]nnc1c2,-0.78
793,Cc1c(cccc1N(=O)=O)N(=O)=O,-3.0
794,CCCCC,-3.18
795,c1c(NC(=O)OC(C)C(=O)NCC)cccc1,-1.83
796,CCC(Br)(CC)C(=O)NC(N)=O,-2.68
797,CC1(OC(=O)N(C1=O)c2cc(Cl)cc(Cl)c2)C=C,-4.925
798,CC(C)N(C(=O)CCl)c1ccccc1 ,-2.48
799,CC(=C)C(=C)C,-2.4
800,Cc1cc(C)c(C)c(C)c1C,-4.0
801,c1ccoc1,-0.82
802,CCCOCC,-0.66
803,ClCCCl,-1.06
804,Clc1ccc(cc1Cl)c2cc(Cl)c(Cl)c(Cl)c2Cl ,-7.82
805,CC(C)CCCO,-1.14
806,Cc2ncc1nccnc1n2,-0.12
807,O2c1ccccc1N(CC)C(=O)c3ccccc23 ,-3.68
808,ClC(=C(Cl)Cl)Cl,-2.54
809,c1ccc2c(c1)cc3ccc4cccc5ccc2c3c45,-8.699
810,Clc2c(Cl)c(Cl)c(c1ccccc1)c(Cl)c2Cl ,-7.92
811,CC(C)Cc1ccccc1,-4.12
812,CNC(=O)Oc1ccc(N(C)C)c(C)c1,-2.36
813,Clc1ccccc1N(=O)=O,-2.55
814,CN(C)C(=O)Nc1cccc(OC(=O)NC(C)(C)C)c1 ,-2.93
815,CCCCCC=C,-3.73
816,NC(=O)N,0.96
817,COc1nc(NC(C)C)nc(NC(C)C)n1,-2.478
818,OC3N=C(c1ccccc1Cl)c2cc(Cl)ccc2NC3=O,-3.604
819,CC(C)OC(=O)C(O)(c1ccc(Br)cc1)c2ccc(Br)cc2 ,-4.93
820,CC12CCC(=O)C=C1CCC3C2CCC4(C)C3CCC4(O)C#C ,-5.66
821,c1cc(C)cc2c1c3cc4cccc5CCc(c45)c3cc2,-7.92
822,FC(F)(F)C(Cl)Br ,-1.71
823,CCN2c1cc(Cl)ccc1NC(=O)c3cccnc23 ,-5.36
824,CN(C)C(=O)Oc1nc(nc(C)c1C)N(C)C,-1.95
825,Cc1c(C)c(C)c(C)c(C)c1C,-5.23
826,Cc3ccnc4N(C1CC1)c2ncccc2C(=O)Nc34 ,-3.19
827,Nc1ccc(O)cc1,-0.8
828,CCC(C)(C)CO,-1.04
829,c1cc2cccc3c4cccc5cccc(c(c1)c23)c54,-8.804
830,C1Cc2c3c1cccc3cc4c2ccc5ccccc54,-7.85
831,CC(C)(C)CCO,-0.5
832,CCCCC1C(=O)N(N(C1=O)c2ccc(O)cc2)c3ccccc3 ,-3.73
833,Oc1ccccc1Cl,-1.06
834,CCCCC(C)(C)O,-1.08
835,CCCCCCCBr,-4.43
836,CC(=O)SC4CC1=CC(=O)CCC1(C)C5CCC2(C)C(CCC23CCC(=O)O3)C45,-4.173
837,CC1CC2C3CC(F)C4=CC(=O)C=CC4(C)C3(F)C(O)CC2(C)C1(O)C(=O)CO,-5.613
838,CCCCC=C,-3.23
839,CCOP(=S)(OCC)SCSP(=S)(OCC)OCC,-5.54
840,CC(C)OC=O,-0.63
841,COC(=O)C=C,-0.22
842,CCCN(CCC)c1c(cc(cc1N(=O)=O)C(C)C)N(=O)=O,-6.49
843,CC(=O)c1ccccc1,-1.28
844,c1ccccc1SC,-2.39
845,CCCC=O,-0.01
846,CCOC(=O)C=Cc1ccccc1,-3.0
847,CCCCCC#C,-3.01
848,Nc1cccc2ccccc12,-1.92
849,Cc1cncc(C)c1,0.38
850,Nc3cc2c1ccccc1ccc2c4ccccc34 ,-6.2
851,c1ccccc1(OC(=O)NC),-1.803
852,CCCC(C)(O)CC,-0.98
853,CC(OC(=O)Nc1cccc(Cl)c1)C#C,-2.617
854,OC(C1=CC2C5C(C1C2=C(c3ccccc3)c4ccccn4)C(=O)NC5=O)(c6ccccc6)c7ccccn7 ,-3.931
855,C1CCc2ccccc2C1,-4.37
856,ClC1=C(Cl)C(Cl)(C(=C1Cl)Cl)C2(Cl)C(=C(Cl)C(=C2Cl)Cl)Cl,-7.278
857,CCc1cccc(CC)c1N(COC)C(=O)CCl ,-3.26
858,Clc1ccccc1C2=NCC(=O)Nc3ccc(cc23)N(=O)=O,-3.499
859,Ic1ccccc1,-3.01
860,OCC(O)C(O)C(O)C(O)CO,1.09
861,CC(C)Nc1nc(Cl)nc(NC(C)C)n1,-4.43
862,CC(C)CCO,-0.51
863,CCC,-1.94
864,CCCCc1ccccc1,-4.06
865,CN2C(=O)CN=C(c1ccccc1)c3cc(Cl)ccc23,-3.754
866,CCN(CC)C(=O)C(=CCOP(=O)(OC)OC)Cl,0.523
867,CC1OC(CC(O)C1O)OC2C(O)CC(OC2C)OC8C(O)CC(OC7CCC3(C)C(CCC4C3CC(O)C5(C)C(CCC45O)C6=CC(=O)OC6)C7)OC8C ,-4.081
868,CC(C)(C)C(=O)C(Oc1ccc(Cl)cc1)n2cncn2,-3.61
869,CCCC#C,-1.64
870,O=C1NC(=O)c2ccccc12 ,-2.61
871,COc1ccc(C=O)cc1,-1.49
872,Clc1ccc(c(Cl)c1)c2c(Cl)ccc(Cl)c2Cl ,-7.43
873,CCC(C)Cl,-1.96
874,c1ccccc1C(O)c2ccccc2,-2.55
875,Oc1c(I)cc(C#N)cc1I,-3.61
876,ClC(Cl)(Cl)N(=O)=O,-2.0
877,CCCCC(=O)CCCC,-2.58
878,CC(C)C(Nc1ccc(cc1Cl)C(F)(F)F)C(=O)OC(C#N)c2cccc(Oc3ccccc3)c2,-8.003
879,Oc2cc(O)c1C(=O)CC(Oc1c2)c3ccc(O)c(O)c3,-3.62
880,c1ccccc1NC(=O)c2c(O)cccc2,-3.59
881,CCC(=O)CC,-0.28
882,CSCS(=O)CC(CO)NC(=O)C=Cc1c(C)[nH]c(=O)[nH]c1=O,-1.981
883,Clc1cccc(Cl)c1Cl,-4.0
884,COc1cccc(Cl)c1,-2.78
885,Sc1nccc(=O)[nH]1 ,-2.273
886,c1ccccc1O,0.0
887,C=CCC=C,-2.09
888,CCOC(=O)NCCOc2ccc(Oc1ccccc1)cc2,-4.7
889,CCCOC(C)C,-1.34
890,CCCCCCCC(=O)OCC,-3.39
891,CC12CC2(C)C(=O)N(C1=O)c3cc(Cl)cc(Cl)c3,-4.8
892,CCOC(C)OCC,-0.43
893,OCC2OC(OC1(CO)OC(CO)C(O)C1O)C(O)C(O)C2O ,0.79
894,c1ccc2c(c1)sc3ccccc23,-4.38
895,O(c1ccccc1)c2ccccc2,-3.96
896,ClC(Cl)C(Cl)Cl,-1.74
897,CC(C)OC(C)C,-1.1
898,c1cc2ccc(OC)c(CC=C(C)(C))c2oc1=O ,-4.314
899,CC(C)N(=O)=O,-0.62
900,CCOc1ccc(NC(N)=O)cc1,-2.17
901,c2cnc1ncncc1n2,0.02
902,CCCOC(=O)c1ccc(N)cc1,-2.452
903,CCCCCC,-3.84
904,CCCCC(CC)COC(=O)c1ccccc1C(=O)OCC(CC)CCCC,-6.96
905,CC(=O)Nc1nnc(s1)S(N)(=O)=O ,-2.36
906,CCC1(C(=O)NCNC1=O)c2ccccc2,-2.64
907,c1nccc(C(=O)NN)c1,0.009
908,Clc1ccc(c(Cl)c1Cl)c2c(Cl)cc(Cl)c(Cl)c2Cl ,-7.66
909,CC1CCCCC1,-3.85
910,Brc1cc(Br)cc(Br)c1,-5.6
911,O=C2CN(N=Cc1ccc(o1)N(=O)=O)C(=O)N2 ,-3.38
912,Cc1cccc(C)c1O,-1.29
913,Oc1ccc(Cl)c(Cl)c1Cl,-2.67
914,CC(C)C(C)C(C)C,-4.8
915,CSc1nnc(c(=O)n1N)C(C)(C)C,-2.253
916,ClC(Cl)CC(=O)NC2=C(Cl)C(=O)c1ccccc1C2=O,-5.03
917,CCCCCCCCC,-5.88
918,C(c1ccccc1)c2ccccc2,-4.08
919,CCCCCBr,-3.08
920,O=C(C=CC=Cc2ccc1OCOc1c2)N3CCCCC3,-3.46
921,COC(=O)Nc2nc1ccc(cc1[nH]2)C(=O)c3ccccc3,-3.88
922,c1cc(O)c(O)c2OCC3(O)CC4=CC(=O)C(O)=CC4=C3c21,-2.7
923,OC(Cn1cncn1)(c2ccc(F)cc2)c3ccccc3F,-3.37
924,O=C1N(COC(=O)C)C(=O)C(N1)(c2ccccc2)c3ccccc3,-4.47
925,O=C1NC(=O)NC(=O)C1(C)CC=C,-1.16
926,COP(=O)(OC)OC(=CCl)c1cc(Cl)c(Cl)cc1Cl,-4.522
927,CCNc1nc(NC(C)C)nc(OC)n1,-2.084
928,CCN2c1nc(N(C)(CCO))ccc1NC(=O)c3cccnc23 ,-3.36
929,Clc1ccc(cc1)c2c(Cl)cccc2Cl ,-6.14
930,c1c(Br)ccc2ccccc12 ,-4.4
931,N#Cc1ccccc1,-1.0
932,CCCCCCCC(=O)C,-2.58
933,c2(Cl)c(Cl)c(Cl)c1nccnc1c2(Cl) ,-5.43
934,CCCCCCCCCCCCCCCC,-8.4
935,CC(=C)C1CC=C(C)C(=O)C1,-2.06
936,CCOP(=S)(OCC)SC(CCl)N1C(=O)c2ccccc2C1=O,-6.34
937,O=N(=O)c1cccc(c1)N(=O)=O,-2.29
938,CC(C)CC(C)O,-0.8
939,OCC1OC(O)(CO)C(O)C1O,0.64
940,CCCCCCC(C)O,-2.09
941,ClC1(C2(Cl)C3(Cl)C4(Cl)C5(Cl)C1(Cl)C3(Cl)Cl)C5(Cl)C(Cl)(Cl)C24Cl,-6.8
942,NC(N)=NC#N ,-0.31
943,Cc1c[nH]c(=O)[nH]c1=O ,-1.506
944,C1c2ccccc2c3ccc4ccccc4c13,-6.68
945,c1ccc2c(c1)c3cccc4c3c2cc5ccccc54,-8.23
946,C=CC=O,0.57
947,COP(=S)(OC)Oc1cc(Cl)c(Br)cc1Cl,-6.09
948,CCCSCCC,-2.58
949,CCCOC(=O)CC,-0.82
950,O=C3CN=C(c1ccccc1)c2cc(ccc2N3)N(=O)=O,-3.796
951,CCCCCCCCCCCCCC,-7.96
952,CC12CCC(CC1)C(C)(C)O2 ,-1.64
953,CC23Cc1cnoc1C=C2CCC4C3CCC5(C)C4CCC5(O)C#C,-5.507
954,O=N(=O)c1cc(Cl)c(Cl)cc1,-3.2
955,C/C=C/C=O,0.32
956,Oc1cc(Cl)cc(Cl)c1,-1.34
957,Cc1ccncc1C,0.36
958,Oc1ccc(Cl)cc1Cl,-1.55
959,CCN2c1nc(C)cc(C(F)(F)F)c1NC(=O)c3cccnc23 ,-4.207
960,CCN2c1cc(N(C)C)cc(C)c1NC(=O)c3cccnc23 ,-4.871
961,CON(C)C(=O)Nc1ccc(Cl)cc1,-2.57
962,CCOC(=O)c1ccc(O)cc1,-2.35
963,CCCCCC(=O)OC,-1.87
964,Nc1c(C)c[nH]c(=O)n1 ,-1.458
965,Oc1cc(Cl)cc(Cl)c1Cl,-2.67
966,O=C(Nc1ccccc1)Nc2ccccc2,-3.15
967,CC1CO1,-0.59
968,c1cnc2c(c1)ccc3ncccc23,-2.68
969,Cc1cc(no1)C(=O)NNCc2ccccc2,-2.461
970,COc2ncc1nccnc1n2,-1.11
971,CC(C#C)N(C)C(=O)Nc1ccc(Cl)cc1,-3.9
972,Nc1ccc(cc1)S(N)(=O)=O,-1.34
973,Clc1cccc(c1)N(=O)=O,-2.77
974,Oc1c(Cl)ccc(Cl)c1Cl,-2.64
975,CC(C)CCC(C)(C)C,-5.05
976,O=C1NC(=O)NC(=O)C1(CC)C(C)CC,-2.39
977,CN(C)C(=O)Nc2ccc(Oc1ccc(Cl)cc1)cc2,-4.89
978,CC12CCC3C(CCc4cc(O)ccc34)C2CCC1O,-5.03
979,Nc3nc(N)c2nc(c1ccccc1)c(N)nc2n3,-2.404
980,CC(Cl)(Cl)Cl,-2.0
981,OCC1OC(CO)(OC2OC(COC3OC(CO)C(O)C(O)C3O)C(O)C(O)C2O)C(O)C1O,-0.41
982,CCC(C)C(C)C,-4.28
983,CC(C)N(C(C)C)C(=O)SCC(Cl)=C(Cl)Cl,-4.88
984,CCc1ccc(C)cc1,-3.11
985,COC(=O)c1ccccc1C(=O)OC,-1.66
986,c1ccc2cc3cc4ccccc4cc3cc2c1,-8.6
987,CCC(=C)C,-2.73
988,COP(=O)(OC)OC(Br)C(Cl)(Cl)Br,-2.28
989,Oc1ccc(Cl)cc1C(=O)Nc2ccc(cc2Cl)N(=O)=O,-4.7
990,Clc1ccc(c(Cl)c1)c2ccc(Cl)c(Cl)c2Cl ,-7.8
991,ClC1C(Cl)C(Cl)C(Cl)C(Cl)C1Cl,-4.64
992,Nc1nc(=O)[nH]cc1F,-0.972
993,CN(C)C(=O)Nc1cccc(c1)C(F)(F)F,-3.43
994,CCCC1CCCC1,-4.74
995,CCC(C)C(=O)OC2CC(C)C=C3C=CC(C)C(CCC1CC(O)CC(=O)O1)C23 ,-6.005
996,Clc1ccc(Cl)cc1,-3.27
997,O=Cc1ccco1,-0.1
998,Cc1ncnc2nccnc12,-0.466
999,CCC(C)(C)CC,-4.23
1000,CCN(Cc1c(F)cccc1Cl)c2c(cc(cc2N(=O)=O)C(F)(F)F)N(=O)=O,-6.78
1001,CCCCBr,-2.37
1002,c2ccc1[nH]ncc1c2 ,-2.16
1003,CC34CCC1C(CCC2CC(=O)CCC12C)C3CCC4O ,-4.743
1004,CCC(C)O,0.47
1005,CCCCSP(=O)(SCCCC)SCCCC,-5.14
1006,CCSC(=O)N(CC)C1CCCCC1 ,-3.4
1007,O=C1N(C2CCC(=O)NC2=O)C(=O)c3ccccc13,-2.676
1008,Oc2ccc1CCCCc1c2 ,-1.99
1009,CCOC(=O)c1ccccc1,-2.32
1010,CCC(=O)OC3CCC4C2CCC1=CC(=O)CCC1(C)C2CCC34C ,-5.37
1011,CCSSCC,-2.42
1012,Ic1cccc2ccccc12,-4.55
1013,Cc1cc(=O)[nH]c(=S)[nH]1,-2.436
1014,CCCCI,-2.96
1015,CS(=O)(=O)c1ccc(cc1)C(O)C(CO)NC(=O)C(Cl)Cl ,-2.154
1016,CC(C)O,0.43
1017,CCCC(O)C=C,-0.59
1018,CC(O)C(C)(C)C,-0.62
1019,Oc1cccc(Cl)c1,-0.7
1020,Cc1ncc(N(=O)=O)n1CCO,-1.22
1021,CC(C)C1CCC(C)CC1=O,-2.35
1022,NC(=O)CCl ,-0.02
1023,Cc1cccc(C)n1,0.45
1024,ClC(Cl)C(c1ccc(Cl)cc1)c2ccc(Cl)cc2,-7.2
1025,COc2cnc1cncnc1n2,-0.91
1026,CC1(C)C(C=C(Cl)C(F)(F)F)C1C(=O)OC(C#N)c2cccc(Oc3ccccc3)c2,-8.176
1027,C1OC(O)C(O)C(O)C1O,0.39
